Locus,0,0.5,1,3,6,12,24
ATMG00640,0,-0.615490244,0.207009806,-0.434093808,-0.510223608,-0.511309771,-0.975434854
ATMG00650,0,-0.357011356,-0.459066821,-0.44140676,-0.405064913,-0.645420652,-0.964579502
ATMG00660,0,-0.176722331,0.310728149,0.211055213,0.286227006,-0.886492833,-0.764060062
ATMG00670,0,-0.071801155,1.302867848,0.64911143,0.205766528,-0.420607261,-1.216929278
ATMG00680,0,-0.728765113,0.246690317,-2.364249389,-1.257874379,-1.602098953,-0.86656071
ATMG00690,0,0.170081023,0.515530311,0.430654945,0.312270214,0.124200469,0.031192574
ATMG00710,0,-0.476753284,0.183554342,1.046369963,1.587377054,-0.279072616,0.64414615
ATMG00720,0,0.026967048,0.327361981,0.154722595,-0.173331603,0.04026387,-0.236067358
ATMG00740,0,-0.481607558,-2.191515177,-0.722531963,-0.642126389,-1.176533786,-0.761123737
ATMG00750;AT2G07686,0,-0.014059048,-0.129051571,0.240501557,0.190174004,0.090895931,0.381736655
ATMG00820,0,0.262794177,-0.495551044,-0.064851144,-0.906530327,-0.115477217,-2.7774017
AT2G07783;ATMG00830,0,-0.317461518,0.868321551,0.127004909,0.55818033,-0.173608456,-0.677239714
ATMG00840,0,0.238296448,0.403355694,-1.712438564,-1.432330645,-1.388862616,-1.934830986
ATMG00850;AT2G07682,0,-2.244803669,-0.144609381,0.306838759,0.306838759,-2.326103771,-2.457348304
ATMG00860;AT2G07682,0,-0.612633893,0.728074484,-1.275450304,1.162519553,-1.166721276,-1.729597965
ATMG00880;AT2G07682,0,-0.613862999,0.045944865,-2.024298596,-1.114348201,-1.254625668,-1.524503479
ATMG00870,0,-1.91020333,-2.375866902,-2.584962501,-1.986824611,-2.611679839,-2.861293729
ATMG00890,0,0.603862706,0.029812051,0.832055363,-0.904910231,0.441740293,-0.06153841
AT2G07768;ATMG00960,0,-1.691146671,-2.085088335,-0.850778218,-1.298716814,-3.519910486,-2.164815527
AT2G07751;ATMG00990,0,-0.769459424,0.150447747,0.089116841,0.522187086,-0.020003494,-0.363231724
ATMG01000,0,-1.446875794,0.292633259,0.062228602,0.373726722,-0.445080863,-0.728331379
AT2G07674;ATMG01010,0,-0.916219721,0.721861535,0.0562729,0.41546568,-1.017108473,-0.922467668
ATMG01020,0,-0.723208298,0.664778872,0.411869261,0.46975202,-0.32684731,-0.438952146
ATMG01040,0,-0.20471197,0.35200719,-0.077439754,-0.005902533,-0.312065883,-0.67087992
ATMG00510,0,-0.042591877,-0.338416218,-0.458229873,0.170507791,-0.176497655,-0.726800615
AT2G07712;ATMG00520,0,-1.238637752,0.971766319,-1.472068444,0.561157179,-1.590565207,-1.590565207
ATMG00530;AT2G07776,0,0.31682572,0.411292204,0.001908748,-0.08760212,-0.410799262,-1.346650524
ATMG00570;AT2G07716,0,-0.054697896,0.331378688,-0.118080506,0.113739178,-0.088490283,-0.367933925
ATMG00580,0,-0.143607531,0.967872191,0.922975266,0.957871164,0.920951515,0.459508783
ATMG00600,0,0.104986467,-0.003860056,-2.290470663,-0.669807593,-0.216941628,-0.743727485
ATMG00630,0,-0.728961481,-0.846563121,-0.861844579,-1.797653521,-1.679712263,-1.930977508
ATCG01060,0,-2.127305416,0.910288613,0.651061572,0.866979483,0.452257296,0.236787778
ATCG01070,0,-1.037122017,0.11122793,0.5334845,0.479084455,0.471999668,-0.057070911
ATCG01080,0,-1.07496579,0.200358579,0.390763861,0.532726577,-0.326255386,-0.416320901
ATCG01090,0,-0.072109018,0.135538742,0.060363031,0.293044807,0.099632901,0.124068365
ATCG01100,0,-0.443661934,-0.412985569,0.020405118,0.15515959,0.040464877,-0.432666881
ATCG01110,0,-1.292438432,0.52761827,0.364585033,0.659725899,0.044749483,-0.796054312
ATCG01120,0,-0.058186133,0.254485842,0.177940349,0.356619732,-0.117681695,-0.372335229
ATCG00065,0,-0.465687352,0.632780561,0.085660313,0.339877163,-0.298921929,-0.47089689
ATCG01230;ATCG00905,0,-0.317638746,-0.166037683,-0.021249047,0.098721015,-0.277209803,-0.427512269
ATMG00010,0,-0.31949361,0.059852182,-0.607795472,-0.466065014,-0.439387734,-0.552663953
ATMG00050,0,-1.584087875,-0.649828729,-1.623980602,-1.98347211,-0.099598167,-0.586713344
ATMG00070,0,-0.05172509,-0.00567357,-0.022363031,0.079057287,-0.03234496,-0.476364853
ATMG00080;ATMG00090,0,-0.313860883,0.01913226,-0.095057716,0.156016434,-0.353896743,-0.462761372
ATMG00110,0,0.019891488,-0.233760821,-0.327239721,-0.57879022,-0.407790221,-0.458965327
no_match,0,-0.468043097,-0.234302998,-0.691707961,-0.376389141,-0.389699226,-0.66259726
ATMG00130,0,-0.048709968,-0.160743349,-0.270739493,0.076367165,-0.443206689,-0.521885225
ATMG00140,0,-0.828736748,-0.240211635,-0.27889562,-1.244098558,-1.060400706,-3.280890589
ATMG00150,0,-0.09460759,0.24492351,-0.479220195,0.600998974,-0.053235526,-0.11644942
ATMG00160,0,-0.238208626,-0.101011809,-0.15023876,0.020508859,-0.673249804,-0.464166271
AT2G07723;ATMG00180,0,-0.539568962,0.274563233,-0.303824791,-0.129021679,-0.761838254,-1.11339168
ATMG00260,0,0.205127709,-0.066537002,-0.585238061,-0.193117499,-0.364854882,-0.973788317
ATMG00270;AT2G07731,0,-0.275498371,-0.596644306,0.189792361,-0.22517645,0.112110366,-0.396819641
ATMG00280;AT2G07732,0,0.087707387,-0.090063698,-0.161504452,-0.537925045,-1.419201124,-0.895760032
ATMG00320,0,-0.446579017,1.099750825,-0.724646237,0.504208009,-0.200504676,-0.062664035
ATMG00310;AT2G07737,0,0.039633459,0.256249316,0.077388381,0.246084337,0.189617385,-0.137244303
ATMG00400,0,-0.025794987,0.094018669,0.123562944,-0.079642274,-0.188381062,-0.183459474
ATMG00450,0,-0.294098893,-0.443748138,-0.497661491,-0.489913973,-1.085401077,-0.418316204
AT2G07708;ATMG00500;ATMG00490,0,-0.302689933,0.953443584,0.244007092,0.06399637,-0.6464077,-1.408352809
ATCG01020,0,0.09727065,-0.567314849,-0.185488173,-0.229595658,0.041209283,-0.552550432
ATCG01040,0,-0.094536111,0.412728431,0.279469632,0.359900141,-0.057413519,0.141961449
ATCG01050,0,-0.760211617,0.501236458,0.417789558,0.564220052,0.485993635,0.413840592
ATCG00570,0,-0.114677909,0.269335204,0.321527434,0.385300153,0.120112307,-0.076572602
ATCG00580,0,-0.278169654,0.915444074,0.492572462,0.592607079,0.176373956,-0.010813486
ATCG00590,0,-0.457227952,-0.582916332,-0.314010313,-0.439867281,-0.667625085,-1.043766204
ATCG00600,0,-0.67112724,-0.136559217,0.253380618,0.25671459,-0.214533512,-0.330720765
ATCG00630,0,-0.040044081,-0.58141532,-0.223555098,0.062892735,0.136379307,0.102976926
ATCG00640,0,-0.303165129,0.413423346,0.314029837,0.385780902,0.040855348,-0.222518577
ATCG00650,0,-0.363642014,-0.16867854,0.067061349,0.038936291,-0.111768075,-0.877443314
ATCG00660,0,-0.285976117,0.449384981,0.141242431,0.399108758,-0.20813953,-0.221796121
ATCG00670,0,-0.716160415,0.11890281,0.058918534,0.173124163,-0.162270967,-0.288526726
ATCG00680,0,-1.119106308,0.413974002,-0.003188796,0.542662251,0.275473799,0.128551304
ATCG00690,0,-0.633343372,-0.919334812,-0.111644881,0.188919962,0.121072258,-0.597396293
ATCG00700,0,-0.583204812,0.268030218,0.360497162,0.191577435,-0.349808297,-0.480141055
ATCG00710,0,-0.159420165,0.781728195,0.372405732,0.601302021,0.268921975,0.1428383
ATCG00720,0,-0.02159319,0.282361956,0.15781003,0.290682863,0.173171166,0.256416158
ATCG00730,0,-0.688735389,0.616770864,0.47295758,0.994811095,0.147466844,0.111682517
ATCG00740,0,-0.192048588,-0.509586085,0.073479914,-0.030690948,0.218405394,-0.359538554
ATCG00750,0,-0.003687381,0.487178558,0.179544289,0.243327106,0.13359243,0.047450894
ATCG00760,0,0.107077218,0.158607618,0.364744838,-0.080193464,0.221577932,-0.007916554
ATCG00770,0,-0.043211284,-0.175526798,0.330105669,0.320519741,0.208519119,-0.396255177
ATCG00780,0,-0.102496692,0.185246324,0.382806932,0.463949889,0.153655493,-0.116675765
ATCG00790,0,-0.565707924,0.18797092,-0.101894658,-0.22661339,-0.672598389,-1.09762346
ATCG00800,0,0.205668693,-0.548613122,-0.046890171,-0.03864242,-0.071793718,-0.326428103
ATCG00810,0,0.265055559,0.082415021,0.203246335,0.138573689,0.090162351,-0.074173819
ATCG00820,0,0.026464652,-0.168376365,-0.023744445,0.107397356,-0.142794566,-0.404965306
ATCG01310;ATCG00830,0,0.008350045,0.505457556,0.131091318,0.172315215,-0.075252886,0.181188586
ATCG00840;ATCG01300,0,0.080890324,-0.271991342,0.247624604,0.174188958,0.023962157,-0.185950997
ATCG00860;ATCG01280,0,-1.117356951,-0.191443333,-0.526862512,0.066304502,-0.956772166,-0.469762751
ATCG00870;ATCG01270,0,-0.235636239,-0.630209636,-0.239822623,0.144594347,-0.56255531,-0.581334115
ATCG01250;ATCG00890,0,-0.167457702,-0.475188012,-0.191021904,0.233874959,-0.737566247,-0.857270632
ATCG00900;ATCG01240,0,-0.18100473,0.206497508,0.113533101,0.170996066,0.096955798,0.060428814
ATCG01000;ATCG01130,0,-0.277496895,-0.27009996,-0.127634886,-0.245385743,-0.202095648,-0.843770987
ATCG01010,0,-0.530080131,0.027638186,0.42721057,1.041134505,-0.140257494,-0.137816507
ATCG00150,0,-1.162588379,-1.224416334,-0.613779386,-0.55695577,-1.230568906,-1.865720036
ATCG00160,0,-0.228914313,-0.097758706,0.112105848,0.269847791,0.006212126,-0.433769136
ATCG00170,0,-0.148180459,0.6371993,0.364331706,0.54324169,-0.142057325,-0.5177819
ATCG00180,0,-0.294736406,0.197920909,0.280262459,0.379058722,0.182456657,-0.200838342
ATCG00190,0,-1.211412832,0.283477152,-0.081915399,-0.031036166,-0.795717139,-0.752975056
ATCG00210,0,-1.380811213,-0.159322428,0.401711481,0.807784588,0.432249153,0.122710292
ATCG00220,0,-0.035430456,0.007297304,0.111911899,0.160997662,0.143512354,-0.033700922
ATCG00270,0,-2.147524523,0.79495763,0.574313084,0.487819853,0.190229622,-0.337213655
ATCG00280,0,-0.841981239,0.671820026,0.264045768,0.289286888,-0.085693956,-0.510235705
ATCG00300,0,-0.332070486,-0.157371413,0.030775711,0.038131354,-0.134837274,-0.565293445
ATCG00330,0,-0.540434251,-1.081397016,-0.506143985,0.153835318,-1.220635447,-0.321221911
ATCG00340,0,0.044582735,0.589275067,0.135231954,0.226567183,0.072315122,0.341131003
ATCG00350,0,-0.192844528,0.500472479,0.150444522,0.286512195,0.098962541,0.091552674
ATCG00360,0,-0.86826622,0.437768343,0.390584791,0.595819041,0.068762574,-0.209439077
ATCG00380,0,-0.401841259,0.455844993,0.091688222,0.322945661,-0.059950067,-0.475333354
ATCG00420,0,-0.920903428,1.069144071,0.472131456,0.887442662,0.493805645,0.113310554
ATCG00430,0,-0.62640173,1.108401012,0.451661991,0.848633881,0.327863358,0.131060727
ATCG00440,0,0.06857622,-0.323656923,0.03359659,0.021054768,0.144035681,0.004201232
ATCG00470,0,0.011004266,0.361886527,0.168380509,0.201841103,0.094280513,0.209717657
ATCG00480,0,0.012334533,0.332773972,0.16253601,0.232345694,0.029636744,0.205821285
ATCG00490,0,-1.079760344,1.731921798,0.976424236,1.657594721,0.536849376,0.286835457
ATCG00500,0,-1.500155386,0.267981088,0.084758042,0.387176618,0.079188042,-0.502544329
ATCG00510,0,-0.975424182,-0.205913525,-0.07811086,-0.047231274,-0.135934786,-0.724877471
ATCG00520,0,-0.342677416,0.162476735,0.152883235,0.22575166,-0.16449611,-0.26743046
ATCG00530,0,-0.12590416,0.214467747,0.027862236,0.084684679,-0.442515872,-0.58079584
ATCG00540,0,-0.258981226,0.085631929,0.063132897,0.072824403,-0.438469716,-0.837771663
ATCG00550,0,-0.041995815,-0.184741239,0.549380899,0.441509856,0.348063371,-0.297068019
ATCG00560,0,0.042126009,-0.401606525,0.122206577,0.314115726,0.281242968,-0.228274131
ATCG00080,0,-0.198256719,-0.483357338,-0.119418223,-0.091201167,0.004064557,-0.259421536
ATCG00120,0,-1.084629747,-0.046289239,-0.325080005,-0.130239436,-0.411666316,-1.087982577
ATCG00130,0,-1.006239001,0.345992567,0.200394785,0.164200518,0.088166725,-0.264828418
ATCG00140,0,-1.16625962,0.035351381,-0.490555678,-0.479725086,-0.976858042,-1.15791571
AT2G26550,0,0.429365709,-0.391575165,0.028860279,0.036652868,0.041900559,-0.296077685
AT2G26570,0,0.058315763,-0.06003009,0.034775106,0.20796243,0.094685315,-0.006116579
AT2G26580,0,0.1812974,-0.048506838,-0.322252624,-0.145073214,0.416902127,0.441403509
AT2G26620,0,-1.052614626,0.715342782,-0.085973223,-0.92639691,-1.735641413,-3.077560983
AT2G26360,0,0.517775605,0.196283655,-0.049124976,0.072667607,0.589258508,0.387292509
AT2G26630,0,0.005713651,-0.834808135,-0.230045994,0.093416067,-0.506185387,-0.160753356
AT2G26380,0,0.245286558,-0.121990524,-0.096951801,0.47437674,0.555576147,0.6276489
AT2G26390,0,0.274133492,-0.187826692,-0.010098907,-1.965200352,0.346587712,-0.698195116
AT2G26400,0,-0.468515292,-0.413716625,-0.606567474,-0.615926719,-1.141509559,-1.301085872
AT2G26410,0,0.921671639,0.215337664,0.132162181,-0.236536604,0.695559332,0.409749668
AT2G26420,0,0.805163301,-0.135631109,0.54757744,1.154130649,0.935559938,0.977685414
AT2G26560,0,-3.380453263,-2.543060801,1.152381124,3.083698118,4.101743016,2.166051822
AT2G26600,0,0.075345509,-0.246994608,-0.0070488,-0.013168221,0.142396036,0.09075276
AT2G26520,0,-0.081149937,-0.305089033,-0.793867985,-1.929990279,-1.547978383,-2.271027197
AT2G26530,0,-0.094826128,0.370160758,0.695906803,-0.522433992,-0.730828531,-1.617880778
AT2G26540,0,0.258114306,0.140171406,-0.030070942,-0.223743576,-0.283837005,-0.415632495
AT2G26430,0,0.215560586,-0.278730405,-0.309593094,-0.206518342,-0.547521527,-0.246639968
AT2G26500,0,0.106043713,0.02894951,0.06222463,0.016825134,0.013097449,0.226476535
AT2G26590,0,-0.353742313,0.13420822,-0.216149039,-0.162730548,-0.385136074,0.390769715
AT2G26510,0,-0.07772337,0.028697664,-0.319199679,-0.131355511,0.10800719,-0.027497543
ATCG00020,0,-1.135301442,0.322594618,-0.055507491,0.594605146,0.435528848,0.554408022
ATCG00040,0,-0.180178265,-0.068888332,0.260087639,0.342723268,0.089978265,-0.039537052
ATCG00050,0,0.222891991,-0.525669286,0.442651639,0.638419907,0.479501475,-0.3229979
ATCG00070,0,-0.355449469,-0.116533429,0.064079645,0.086895174,-0.00317546,-0.024664339
AT2G23320,0,-0.62210706,-0.679421973,0.375080633,0.674491692,-0.75969594,-1.541400465
AT2G26440,0,-1.74320111,-0.933376734,-0.342631881,-0.125895557,-0.931757299,-2.768994448
AT2G26450,0,-0.584962501,-1.451563375,-0.787949523,-0.736965594,-1.314433558,-1.152003093
AT2G26460,0,0.181869513,-0.003834286,-0.011166001,-0.34180296,0.181065559,0.277037006
AT2G26470,0,-0.109387415,-0.520691552,-0.196180652,-0.779556029,-0.518373437,-0.767314667
AT2G26480,0,-0.046781406,0.243873789,0.187172163,0.244857556,-0.06800235,-0.072284255
AT2G26490,0,0.099339775,-0.369723606,-1.669673332,0.27797465,0.245296129,0.07815715
AT2G39790,0,-0.401813804,0.896758894,0.200593831,0.566243303,0.699826458,0.844450021
AT2G39720,0,0.471127053,-0.021067508,-0.245480558,-0.074321145,-0.227074372,0.475167895
AT2G39770,0,-1.213393667,0.03651014,-0.09777285,-0.006469923,0.11473273,0.092430399
AT2G39730,0,0.010189239,0.281687937,0.154374069,0.184417058,0.082437472,0.153657648
AT2G39760,0,-0.098800043,-0.012700923,-0.047596438,-0.097574824,0.01156312,0.143935629
AT2G39795,0,-0.085138332,-0.237561384,-0.169940357,-0.197708158,0.055311992,0.765693714
AT2G39725,0,-0.463233189,-0.407845814,-0.507686787,-0.124401767,0.280946845,0.196723492
AT2G39750,0,0.141812253,0.352334822,-0.146323654,-0.054206081,-0.064200504,-0.158455451
AT2G39840,0,0.130682387,0.144564547,0.435973631,0.991678824,1.034457604,1.004322505
AT2G39780,0,0.023617832,-0.206533133,-0.329225902,-0.4718615,-0.421860032,-0.865357599
AT2G23260,0,2.112938378,2.692172102,1.688340241,0.767957409,1.921653948,2.412975033
AT2G23250,0,0.885928233,0.890486515,-0.68993206,0.731894605,0.408695972,0.815767162
AT2G23240,0,-0.578670755,-0.355740316,-0.582442509,-0.259004529,-1.056583528,-1.902483494
AT2G23230,0,-0.379554912,-0.085942729,0.62721302,0.303971423,-0.05672259,-0.304650103
AT2G23220;AT2G23190,0,0.029174413,0.01257563,-0.312137592,0.12815986,-0.239095641,-1.513771453
AT2G23210,0,1.340857823,1.290279724,0.505699222,0.527108115,0.504500473,-0.845277405
AT2G23200,0,-0.254802765,-0.984528265,-0.525339014,-0.567371781,-0.397386283,-1.741340684
AT2G23180,0,0.075101455,0.02674993,-0.328738417,-1.013563289,-1.864791317,-1.769056076
AT2G23170,0,0.859810994,0.43334036,0.570900036,0.379217218,-1.314025935,0.731896563
AT2G23160,0,1.019201306,2.051353024,0.887667743,0.828536593,1.716436221,0.293176178
AT2G23340,0,0.359195353,-0.164038158,0.174696835,3.558776609,5.165589087,3.45554488
AT2G23330,0,0.270197429,-0.003398576,-0.009431125,0.079746847,-0.113498405,-0.33142493
AT2G23300,0,0.017264652,-0.526225696,-0.065914117,-0.364572432,-0.609257528,-1.138063902
no_match,0,-0.270125346,-0.359234874,-0.713880354,-1.052296572,-1.175394285,-1.462664464
AT2G23270,0,0.488224375,-0.365709787,-0.022122811,-0.684358168,0.844944505,0.094823546
AT2G23310,0,0.09222801,-0.21943227,-0.17419007,-0.200318648,-0.27843615,-0.212155563
AT2G23290,0,-0.192238828,-0.400065167,-0.900748769,-2.044771907,-2.638378282,-2.322105865
AT2G23350,0,-0.550176306,0.255295448,-0.039999698,-0.083632487,-0.291496738,-0.371777794
AT2G39820,0,-0.452858965,0.650079057,1.180378478,0.282302133,0.597352481,0.287708866
AT2G39830,0,0.100920995,0.194729871,-0.589214565,0.159508857,-0.331328707,-0.433603742
AT2G39850,0,0.880120564,1.056542498,0.711470929,0.822338693,0.730598325,0.160895061
AT2G45290,0,-0.177036392,-0.381866541,-0.59676625,-0.992856263,-0.680046033,-0.79490999
AT2G40900,0,-0.340814712,0.654069464,0.253468668,0.708383109,0.99153431,1.672739456
AT2G40910,0,0.972495449,0.921756675,-0.339056893,-0.078897164,0.263034406,-0.042731026
AT2G40950,0,-0.420349794,-0.066926451,-0.198659357,-0.269329575,0.228961897,0.286945784
AT2G40820,0,0.487138912,-0.382687085,0.034273367,-0.209505254,-0.28729446,-0.664118523
AT2G40840,0,0.349604923,0.390612408,0.287866873,0.569293325,0.826747305,0.793312225
AT2G40860,0,-0.020209731,0.199026121,0.037663133,-0.146548663,-0.229286922,-0.883305685
AT2G40880,0,-0.17899768,-0.024704148,-0.069976733,-0.035951018,0.869144627,1.701825111
AT2G40935,0,-0.104183083,0.19621592,-0.010106486,0.033743552,0.509538886,0.532071035
AT2G40940,0,-0.478087578,-0.583110775,-0.394595082,-0.370301644,0.124201005,0.40756625
AT2G40830,0,0.199578509,0.040323222,-0.093019892,-0.282005545,-0.078446764,-0.022698764
AT2G40930,0,-0.062089648,0.352509897,0.235937211,0.694130724,0.899252095,1.170111408
AT2G40890,0,0.072160128,-0.059674465,-0.141569445,-0.083739304,-0.217242453,-1.473917727
AT2G41580,0,0.296187659,0.584363499,0.965453667,-1.489384841,1.454031631,1.491573593
AT2G41590,0,-0.439976669,0.054585138,-0.596599078,-1.469200025,0.463808016,-0.589605875
AT2G41600,0,-0.096646344,-0.278121892,-0.355454042,-0.721086818,-0.493058862,-0.293773162
AT2G41610,0,-0.021907381,0.503466323,0.216305675,-0.047144673,0.298351893,0.327136734
AT2G41650,0,0.432771791,0.093814348,0.215931204,-0.122561727,-0.181918509,0.023748603
AT2G41690,0,1.564111626,0.552758149,0.721597193,1.7742198,0.903702318,1.372620058
AT2G41510,0,-0.897809873,-0.300173542,-2.054535377,-2.864257313,-2.092881688,-1.919183524
AT2G41520,0,-0.085106467,-0.221919448,-0.198931653,-0.226991123,-0.219195912,-0.051669946
AT2G41550,0,-0.241604197,-0.149528612,-0.018031174,-0.32729189,-1.289943731,-4.313647992
AT2G41570,0,-1.78601002,-1.039636972,-1.382818763,-0.421568497,-1.752689946,-2.011777168
AT2G41540,0,0.293700424,0.202988066,0.254669881,0.517961017,0.474849863,-0.467757632
AT2G41660,0,0.221333563,-0.82011281,-0.727821226,0.480731684,0.646774614,-1.117949098
AT2G41630,0,-0.056961298,0.112353746,0.052304187,-0.00053778,0.269120851,0.817015142
AT2G41530,0,0.368663064,-0.108533133,-0.072948857,-0.245115436,-0.240890919,-0.718567485
AT2G41620,0,0.058064443,-0.010001667,0.077461174,0.16169234,0.01008992,-0.231332425
AT2G41560,0,-0.609469362,-0.238322391,-0.085274325,-0.088378459,-0.369918038,-0.804970436
AT2G41680,0,0.014943022,0.019125687,-0.213902048,-0.306414824,-0.302804683,-0.306665706
AT2G41640,0,-0.618208596,-0.030787304,3.008218087,1.781385219,-0.646162657,-1.309258355
AT2G39810,0,0.229126657,0.277833193,0.076277276,0.213545381,-0.167132091,-0.228301988
AT2G47610,0,-0.088812078,-0.052425883,-0.263484394,-0.242297733,-0.132783182,0.307443828
AT2G47420,0,0.185988327,0.428986093,-0.013536282,0.290513776,0.527929803,1.117481726
AT2G47450,0,0.088703828,0.657298149,0.349333853,0.179376077,-0.8849549,-1.6481338
AT2G47580,0,0.326480322,-0.04704119,-0.187258122,-0.302531726,-0.722755572,-0.747083538
AT2G47430,0,-0.328274694,0.877501419,-1.590730981,-0.587267126,-0.074424841,-1.414653753
AT2G47460,0,-0.255204291,0.062422501,-0.118114936,-0.102225415,0.084187709,0.349791475
AT2G47600,0,0.071014603,0.18479553,0.058671068,-0.072115539,0.357068711,0.202378907
AT2G45380,0,-0.740448263,1.357488373,-0.668192174,-0.57975421,0.32140623,-0.867961687
AT2G45350,0,0.42780001,0.174167658,0.27672984,-0.209127492,-1.247818881,-2.593679718
AT2G45340,0,0.634490772,0.13251233,0.53314975,0.337203359,-0.870024379,-2.069859023
AT2G45330;AT5G23600,0,0.217288461,0.089753341,-0.249602415,-0.421892919,-0.943294664,-1.243313305
AT2G45320,0,0.350162945,0.129485589,0.033550826,-0.249191538,-0.167795645,0.103743614
AT2G45310,0,0.177688851,0.403787437,0.131326419,-0.395086342,-0.135978765,-0.078766543
AT4G38280;AT2G45250,0,0.952800359,0.495615015,0.165255824,0.037438069,-0.568816857,-0.461365036
AT2G45230,0,-0.37825765,0.035128223,-0.152567639,-1.083657929,-0.40155427,-0.294878736
AT2G45210,0,-4.939252702,-4.562283243,-5.13189778,-4.959430584,-5.154981393,-4.990236631
AT2G45460,0,0.041978908,0.375476064,0.227862397,0.012643748,-0.513855235,0.248721002
AT2G45190,0,0.644995746,0.758324706,0.245889478,0.478536377,0.337063951,0.204663039
AT2G45430,0,0.239089354,0.218871075,-0.515716668,-0.464711352,-0.480511337,-0.40196656
AT2G45420,0,0.526901684,0.138481954,-0.157482122,0.088005582,0.158601614,-0.028738348
AT2G45400,0,-0.153211887,-0.099891731,-0.046037571,-0.406484065,-1.305931781,-2.10563313
AT2G45270,0,0.013980482,0.279281304,0.085104472,-0.253751873,-0.443265603,-0.491784083
AT2G45450,0,0.290341752,0.040913681,-0.209212541,-0.603608977,-1.045469056,-1.530284183
AT2G45240,0,-0.159107812,-0.539631223,-0.50700157,-0.516070867,-0.564443348,-0.444328679
AT2G45440,0,-0.254541275,-0.280817553,-0.007828168,-0.198402292,-0.45246918,-0.354366062
AT2G45200,0,0.475630595,0.281701988,-0.349300274,0.045464188,0.195742343,0.156068758
AT2G45280,0,-0.210180714,-0.453704296,-0.81160625,-0.919285841,-2.082832148,-0.480655092
AT2G45220,0,-3.106513656,-3.239901071,-2.650834172,-2.648104379,-3.163846831,-3.277375777
AT2G47620,0,-0.104317989,0.228009394,0.024437354,-0.453957461,-0.026949434,0.285665501
AT2G47590,0,0.558607206,0.343067071,0.222330922,0.12728364,-0.129502012,-0.392698631
AT2G47550,0,-0.468159103,0.039495066,-1.102089974,-0.264266952,0.207887518,0.404061679
AT2G47490,0,0.086114206,-0.173530033,-0.100324767,0.041443648,-0.116071461,-0.063605273
AT5G12450,0,-0.108349722,0.535667204,-2.596189756,-0.653675251,-1.456638404,-0.56828376
AT5G12460,0,0.425499438,-0.158160639,-0.036149003,0.302619525,0.708975924,0.384797886
AT5G12470,0,0.158155116,-0.056026382,-0.143235816,-0.049455659,-0.103747496,0.07146441
AT5G12480,0,-0.661717995,-0.598016763,-0.341896602,-0.565497375,-0.777058164,-0.615749849
AT2G33160,0,1.877038478,2.195882791,-0.038219322,0.386468347,0.393663848,-0.971985624
AT2G33130,0,-2.476182506,-1.284218963,-0.673507442,-0.758238522,-0.858879285,-0.572930488
AT2G33100,0,-0.236181726,0.604838559,0.057177216,-0.984642959,-1.556090653,0.052222335
AT2G33080,0,0.358942937,0.625151591,0.260314904,-0.445237737,-0.536868213,1.611879234
AT2G33070,0,0.176180976,0.169692777,0.06570444,0.061705283,-0.062279156,-0.287340989
AT2G33240,0,0.47121181,1.294334048,-0.101699994,0.625043677,0.565464469,0.272143475
AT2G33230,0,0.224549785,-1.30287281,-1.813763027,-0.273066934,-1.055700279,0.3207651
AT2G33210,0,0.195268843,-0.140214337,-0.016705405,0.078250387,0.119081511,0.648274368
AT2G33180,0,0.286268449,-0.13631284,-0.037486972,0.042031021,-0.478194352,-0.696024888
AT2G33170,0,-0.64055822,0.316597466,0.37153683,-0.266154241,-2.690591932,-0.191342615
AT2G33120;AT2G33110,0,-0.18349615,-0.612759949,0.008787644,0.080961569,0.097567366,0.43106496
AT2G33150,0,-0.435989283,-0.102606508,-0.207996907,0.051182599,0.165563811,0.198874484
AT2G33220,0,0.165069426,-0.258861676,-0.15295615,-0.258835164,-0.105843554,-0.189935001
AT2G47570,0,-0.167328825,-0.67724062,-0.513131453,0.027648825,-0.619525122,-1.261728316
AT2G47560,0,-0.281863941,0.831717408,-1.973943215,-2.364356928,-2.780874874,-2.838288116
AT2G47540,0,0.486092096,0.202719694,-0.183539447,0.196081515,0.431876851,0.334492046
AT2G47520,0,0.269247778,-1.040806216,0.152577758,-0.855199593,-0.191824199,0.851027277
AT2G47500,0,0.273565073,0.850131653,0.385216366,0.446649194,-0.36976799,-0.870707346
AT2G47470,0,-0.105105023,0.143748764,-0.155190882,-0.354951145,-0.24935358,0.137661359
AT2G47440,0,0.264968962,0.238036111,0.082506523,-0.573525918,-2.379944867,-2.014690235
AT5G12380,0,0.494999124,1.12105717,1.126060742,1.432420938,0.418213744,0.742044234
AT5G12390,0,-0.142830651,-0.339869954,-0.132695871,-0.13029804,0.705803866,0.757863823
AT5G12400,0,0.201213197,-0.269213091,-0.186008436,-0.284527806,-0.165899847,-0.926450936
AT5G12410,0,-0.161296516,-0.265927871,-0.369502064,-0.220069638,-0.212005773,-0.044934624
AT5G12420,0,-0.575690277,-0.630888098,-0.898160026,-1.106445704,-1.7504975,-1.773171001
AT5G12430,0,0.041068634,0.002081436,0.11901787,0.147269671,0.176937846,-0.061434506
AT5G12440,0,0.365547466,0.099353417,0.189759024,0.52472033,-0.228327568,-0.055736339
AT1G67790,0,0.546753579,-1.323478546,0.183122304,0.124626655,0.057715498,0.860170174
AT1G67760,0,0.141966789,-0.136334374,-0.283709943,-0.094701607,-1.009579684,-0.537533592
AT1G67710,0,0.417097021,-0.150477239,-0.635294176,-0.797768873,-0.156590363,-0.584962501
AT1G67650;AT1G67680,0,-0.255104216,-0.63196953,-0.280152065,-0.351429748,-0.238725058,0.323616397
AT1G67660,0,0.243364426,-0.130293069,0.514017027,1.210038123,2.009436756,2.015284948
AT1G67670,0,-0.356764458,-2.039312924,-1.291231298,-2.235378063,-2.181606806,-2.146841388
AT1G67690,0,-0.032845324,-0.238933525,-0.114639415,-0.028778679,0.432167703,-0.143276621
AT1G67770,0,-0.088897153,-0.841368168,-0.452428949,-2.580224582,-0.16844273,-0.255461186
AT1G67780,0,0.410036818,-0.578735926,0.238702247,0.240816086,0.504554417,-2.304560963
AT1G67810,0,-1.282296308,-1.307783913,-0.16487703,-0.612558886,0.352757241,0.416403559
AT1G67820,0,0.144444715,-0.214930684,-0.297039286,-0.079249896,0.281900907,-0.51408
AT1G67740,0,0.14610814,0.350677041,0.075457241,0.116378648,0.057102799,-0.067663388
AT1G67750,0,0.748854667,0.979027122,0.702838075,0.467799034,-0.374830487,-1.8668422
AT1G67800,0,-0.66655851,-1.059375414,-0.556075334,-0.667446596,-0.141106366,0.542582888
AT1G67700,0,0.33630651,-0.003795862,-0.048000324,-0.034175439,0.024969153,0.118251671
AT1G67730,0,-0.184562551,0.104874965,-0.216797206,-0.411344858,-0.867340679,-0.802411564
AT1G67850,0,-0.275898027,0.135905565,-0.296923101,0.22723946,1.839617418,3.027866365
AT1G67840,0,0.220146876,0.329117324,0.189058707,0.167214222,-0.068387995,-0.726097816
AT1G67720,0,0.146465613,0.34454254,0.177896342,0.102471212,-0.299156276,-0.054456568
AT3G33080,0,-0.842458723,-0.433653177,-0.161280907,-0.867549704,-0.769702381,0.067744607
AT5G12270,0,0.816995172,0.463686662,0.949652915,0.719147848,1.661044894,1.098146128
AT5G12280,0,0.46634269,-0.09591146,-0.025627666,0.386108017,0.367342935,0.786393497
AT5G12290,0,-0.013239945,-0.01312723,-0.203584163,-0.131829693,-0.237549869,-0.362937106
AT5G12310,0,0.329592976,0.307011228,0.016840769,-0.213376178,-1.117019139,-1.315877465
AT5G12330,0,0.015739571,0.272278949,0.074128203,0.291176403,0.188747195,-0.316069168
AT5G12340,0,-1.513182325,0.059369819,-0.623904743,-1.420459133,0.284874852,-1.391776378
AT5G12350,0,-0.13917154,-0.106648073,-0.072502475,0.007758678,-0.008918456,0.117858282
AT5G12370,0,-0.163082756,0.019739765,-0.123828388,-0.106497414,-0.423187505,-0.653232148
no_match,0,1.484330138,1.626563405,2.11783649,2.214422469,0.597695991,1.68142534
AT1G44575,0,0.017465181,0.331589652,0.089323472,0.18826118,0.079686261,-0.189347351
no_match,0,-0.403191256,0.61689299,-2.089375807,1.567008731,-1.677052693,-0.036133786
AT1G67830,0,0.171322416,0.308744017,-0.27261829,-0.794189681,-1.44276804,-1.481157696
AT4G16143,0,0.160937231,0.189998768,0.112216016,-0.062413663,-0.047638518,-0.097830529
AT1G38340,0,0.936274402,0.561016805,-0.339850003,-0.362570079,-0.538950103,0.794576317
AT1G59218;AT1G58848,0,0.357566257,0.233828166,0.323041835,0.524430605,-0.654984705,-0.90054484
AT1G58807;AT1G59124,0,0.027234405,-0.001528203,0.082159169,-0.082818783,-1.120473755,-0.883852868
AT1G59171,0,-0.419854516,-0.454031631,-3.321928095,-0.836501268,-2.577766999,-1.321928095
AT1G58889;AT1G59265,0,1.06362521,1.22537628,1.40542241,-0.054447784,1.366308134,0.675746852
AT3G29787,0,-0.207941265,-0.63420602,-0.809777584,-0.411813598,0.04761802,0.164535772
AT3G29791,0,0.173148902,1.2361587,0.693720816,-0.424752654,0.607379967,0.894573646
AT3G29796,0,0.41577039,-0.540923856,-0.447992222,-0.262448064,0.046170181,-0.622090001
AT3G29800,0,-0.150084616,0.050923935,-0.72549281,-0.102933522,-0.184031948,-0.174250927
AT3G29970,0,0.484059272,1.085147068,0.080630016,-0.314769619,0.153172085,0.097620733
AT1G08410,0,-0.353253376,-0.208989489,-0.248434712,-0.098956236,0.099869392,0.681821798
AT3G29810,0,-0.98597953,-1.053418584,-0.952421624,-1.091107051,-1.933611774,-2.804149366
AT4G25620,0,0.016479526,0.501682938,0.404000496,-0.201020203,-1.307421648,-0.73110897
AT4G25610,0,-0.120102592,0.446955111,0.198536683,0.963005793,1.1766961,0.967521274
no_match,0,0.568709202,0.563972635,0.124386885,0.331956347,0.408159868,-0.253369599
AT4G25590,0,0.857980995,2.016012318,-0.163498732,-0.268196111,0.321928095,0.402098444
AT4G25580,0,-0.928883324,-1.665294994,-1.001310151,-0.159053096,-0.165892841,0.126948872
AT4G25560,0,0.152213384,0.937684794,-0.206127367,-0.028316808,0.377756483,-0.160753356
AT4G25550,0,0.165500726,0.197668297,-0.0107535,-0.16035999,-0.325152872,-0.195999811
AT4G25540,0,0.186779107,0.28761744,-0.170534376,-0.186603127,-0.240160702,-0.397066756
AT4G25520,0,-0.038267177,0.114196854,0.339618503,1.225557963,2.086608196,1.459119485
AT4G25570,0,-0.022418364,0.219904033,-0.213429742,-0.293815213,-0.216359073,-0.245984242
AT4G25530,0,0.591742283,-0.156941778,0.071359821,0.43912014,0.555073573,0.127877499
AT1G44510,0,0.553322206,0.74066346,-0.377189869,-0.969901869,0.160047024,0.002642299
AT1G44478,0,-1.031271462,-0.429167828,0.997184984,0.534403385,-0.208399149,0.866007539
AT1G44446,0,0.322058827,0.24020513,0.035466742,0.121369932,-0.409217918,-1.471483655
AT1G44414,0,-1.35932246,-0.584684979,-2.696282492,-0.888413698,-0.948206783,-1.104142389
AT1G44350,0,-0.155507018,0.095785794,0.183891945,0.191020604,0.288088996,-0.466565832
AT1G44318,0,0.491235636,0.421735367,-0.400297192,-0.00882385,-0.3062715,-0.265073027
AT1G44224,0,-0.073790261,0.324323936,-0.320929344,0.183625073,-0.160464672,-0.675676064
AT4G17230,0,-0.213940428,-0.478008883,1.909316352,2.56289837,1.18748833,0.608181879
AT4G15415,0,-0.164553209,-0.299874374,-0.096304908,-0.23662833,0.226019913,0.19019567
AT4G16760,0,-0.393397315,-0.288921519,-0.425793297,-0.343205432,0.037191802,0.773144331
AT4G17490,0,0.679849458,1.850326361,3.794602709,2.99752586,0.236381304,-3.062596418
AT4G17615,0,0.073934367,-0.286147312,2.932144655,3.944448086,1.950297578,1.749003901
AT4G17500,0,-1.610197644,-0.719602104,-0.822190828,-2.505912841,-3.28307599,-4.548363588
AT4G15440,0,1.07610979,0.96133291,0.472995509,0.326204789,0.508035362,0.805842054
AT4G14680,0,0.246047793,0.089390532,0.037686061,-0.431802617,-1.029652985,-1.80538599
AT4G14110,0,-0.052240505,0.146381716,-0.025395365,-0.38756837,-0.023668351,0.487418634
AT4G15090,0,0.173529038,-0.038766762,-0.307297721,0.032998729,-0.047690677,0.033703945
AT4G14640,0,-0.321928095,-0.747692001,0.534946963,0.146220741,2.330877052,1.40780593
AT4G15340,0,0.403449525,0.073134705,-2.042952145,0.28530357,0.26143052,-1.958289748
AT4G14150,0,0.252774833,-0.74681338,-0.16514847,0.10775618,-0.79538228,0.224493944
AT4G16360,0,0.190205612,0.092364018,-0.115202971,-0.305764443,-0.557193558,-0.602770305
AT4G14385,0,0.058991381,-0.496648945,-0.529356617,-0.533701678,-0.38718933,-0.519897174
AT4G16563,0,-0.386419771,-0.036236518,0.267454901,0.809516146,0.366754242,-1.642239879
AT4G17740,0,0.045998425,-0.235661974,-0.026189038,-0.184165551,-0.378335336,-0.552830783
AT4G17245,0,-0.644375291,-1.146887695,-1.015955264,-1.388467629,-3.268118439,-3.053265696
AT4G14400,0,-1.327095307,-1.370209642,-1.184384665,-2.216429807,-3.386490822,-5.006144098
AT4G17070,0,-0.866585558,-1.312249022,-0.959979577,-1.246789882,-2.442407072,-3.20042042
AT4G14060,0,-0.824110681,-2.178379496,-2.947188549,-2.984826206,-3.56344718,-1.734559096
AT4G16570,0,-0.240488885,-0.123685635,-0.084965834,-0.278476731,-0.446694643,-0.927888917
AT4G14500,0,-0.10377833,0.163828806,0.384200309,0.725129128,0.592736538,0.511985865
AT4G14960,0,0.088526209,0.17518986,-0.103950152,-0.17556861,-0.187845045,0.074365118
AT4G16430,0,0.010706506,-0.049480186,0.078158787,-0.068185186,0.098903953,0.639761121
AT4G17250,0,-0.07194389,0.587055892,-0.280881248,-1.046840254,-1.767071833,-2.808053395
AT4G14950,0,0.314959986,0.059204195,0.145958816,-0.257146187,-0.328242262,-0.214808154
AT4G14360,0,-0.093439646,-0.148968115,-0.147689763,-0.198560139,-0.597159065,-0.775679988
AT4G15210,0,0.844904974,0.129140051,0.269505974,0.021520807,0.266735999,-0.412260415
AT4G16780,0,1.144198176,1.812331057,3.811088632,3.165220192,4.164634128,3.632069782
AT4G15550,0,-0.159197488,-0.16603668,-0.539527253,-1.454343268,-2.80582819,-3.498509908
AT4G17730,0,0.264067115,-0.016896425,-0.203783233,0.033573934,-0.274597386,0.193891982
AT4G17270,0,-0.116711408,-0.03226896,-0.124436701,-0.027097403,0.173087022,0.33337047
AT4G16845,0,0.422942697,-0.155172403,0.248680037,0.080736551,-0.077195882,0.006415922
AT4G15560,0,0.316213578,0.303147797,-0.073012188,0.10041597,-0.231745528,-0.967984593
AT4G14990,0,0.33425468,0.232133611,0.168607443,-0.175997333,-0.343807276,-0.046845898
AT4G13980,0,0.237358272,-0.251577341,0.764009144,1.113481875,1.238216968,0.674472833
AT4G14210,0,0.106152038,-0.290189122,-0.232831994,-0.055092583,-0.145885251,-0.499753062
AT4G14030;AT4G14040,0,-0.293096373,-0.798367466,-0.525875544,-0.779420902,-0.684582828,-1.768306402
AT4G14880,0,0.064591792,0.242207681,0.091920925,0.11780352,0.180038895,0.163898155
AT4G14910,0,0.344623997,-0.196307043,-0.181035844,-0.20530374,-0.465389519,-0.853865805
AT4G16420,0,0.262450437,-0.013491453,-0.161991887,0.299925142,0.037712551,0.026036912
AT4G15470,0,-0.096163262,-0.326873119,-0.185225316,-0.0322101,0.243357905,0.571763564
AT4G16490,0,0.407781059,0.706884656,0.492303954,0.638772653,1.443491408,1.355034967
AT4G16155,0,0.243791109,0.393023716,0.015459122,-0.015750777,-0.226021458,-0.505095607
AT4G15093,0,-0.01896153,-0.088791282,-0.217420166,-0.378306267,-0.230155991,-0.454959348
AT4G16660,0,-0.103389236,-0.335619497,-0.13590128,-0.380581465,-0.395306748,-0.417050679
AT4G14340,0,0.347361174,0.242597293,0.207224162,0.001466221,-0.219683301,-0.483401169
AT4G16100,0,0.320722332,0.281397679,0.057765125,0.08358663,0.407060779,0.692388414
AT4G16370,0,-0.723957091,-0.794811348,-0.527432772,-0.943077285,-1.451861532,-1.616257756
AT4G16510,0,0.366921533,0.260972346,-0.141587841,-0.51851702,-0.102614611,-0.409175568
AT4G15010,0,-0.295296909,0.130060541,-0.278598864,-0.197715762,-0.614381979,0.200568973